{
  "chart_id": "scatter_062",
  "title": "Health expenditure per capita (USD) vs Life expectancy (years)",
  "dpi": 200,
  "fig_size": [
    7,
    5
  ],
  "font_size": 12,
  "palette": [
    "#f0c2c2",
    "#6a3d9a",
    "#c2c2f0",
    "#b15928",
    "#cab2d6",
    "#c2f0c2",
    "#fb9a99",
    "#fdbf6f",
    "#33a02c",
    "#b2df8a",
    "#8dd3c7",
    "#ff7f00",
    "#ffb3e6",
    "#ffff99",
    "#e31a1c"
  ],
  "marker": "D",
  "sample_size": 12,
  "point_size_range": [
    30,
    60
  ],
  "x_ticks": [
    3400.0,
    4550.0,
    5700.0,
    6850.0,
    8000.0
  ],
  "y_ticks": [
    62.0,
    65.0,
    68.0,
    71.0,
    74.0
  ],
  "x_ticks_encrypted": [
    3400.0,
    3975.0,
    4550.0,
    5125.0,
    5700.0,
    6275.0,
    6850.0,
    7425.0,
    8000.0
  ],
  "y_ticks_encrypted": [
    62.0,
    63.5,
    65.0,
    66.5,
    68.0,
    69.5,
    71.0,
    72.5,
    74.0
  ],
  "series_color": {
    "MEX": [
      "#cab2d6"
    ],
    "TUR": [
      "#b15928"
    ],
    "CAN": [
      "#c2f0c2"
    ],
    "ESP": [
      "#fb9a99"
    ],
    "ITA": [
      "#ff7f00"
    ],
    "ZAF": [
      "#6a3d9a"
    ],
    "POL": [
      "#f0c2c2"
    ],
    "NGA": [
      "#fdbf6f"
    ],
    "KOR": [
      "#33a02c"
    ],
    "PHL": [
      "#c2c2f0"
    ],
    "PAK": [
      "#8dd3c7"
    ],
    "FRA": [
      "#b2df8a"
    ]
  },
  "label_perturbations": {
    "MEX": [
      {
        "original": [
          933,
          307
        ],
        "dx": 0.1127468331226838,
        "dy": 0.06649016470513175
      }
    ],
    "TUR": [
      {
        "original": [
          933,
          307
        ],
        "dx": 0.027771955707651147,
        "dy": 0.055843656270641584
      }
    ],
    "CAN": [
      {
        "original": [
          933,
          307
        ],
        "dx": -0.12292310430057274,
        "dy": -0.05736808662607304
      }
    ],
    "ESP": [
      {
        "original": [
          933,
          307
        ],
        "dx": -0.0430782992709704,
        "dy": -0.09661468023084444
      }
    ],
    "ITA": [
      {
        "original": [
          933,
          307
        ],
        "dx": 0.09227558242353795,
        "dy": -0.12812740953138163
      }
    ],
    "ZAF": [
      {
        "original": [
          933,
          307
        ],
        "dx": -0.14619061190223143,
        "dy": 0.18952032100068772
      }
    ],
    "POL": [
      {
        "original": [
          933,
          307
        ],
        "dx": -0.16224234004482005,
        "dy": -0.10072057960688295
      }
    ],
    "NGA": [
      {
        "original": [
          933,
          307
        ],
        "dx": -0.029442702538857585,
        "dy": 0.10164687840630354
      }
    ],
    "KOR": [
      {
        "original": [
          933,
          307
        ],
        "dx": -0.19567742111758413,
        "dy": 0.1425422198558603
      }
    ],
    "PHL": [
      {
        "original": [
          933,
          307
        ],
        "dx": 0.09812156567683789,
        "dy": 0.09954191869315893
      }
    ],
    "PAK": [
      {
        "original": [
          933,
          307
        ],
        "dx": 0.03947876880762316,
        "dy": 0.09908858204741133
      }
    ],
    "FRA": [
      {
        "original": [
          933,
          307
        ],
        "dx": -0.16785567495731152,
        "dy": 0.1111942855303168
      }
    ]
  }
}