{
  "chart_id": "scatter_065",
  "title": "Internet penetration (%) vs GDP per capita (USD)",
  "dpi": 100,
  "fig_size": [
    7,
    5
  ],
  "font_size": 8,
  "palette": [
    "#f0c2c2",
    "#6a3d9a",
    "#c2c2f0",
    "#b15928",
    "#cab2d6",
    "#c2f0c2",
    "#fb9a99",
    "#fdbf6f",
    "#33a02c",
    "#b2df8a",
    "#8dd3c7",
    "#ff7f00",
    "#ffb3e6",
    "#ffff99",
    "#e31a1c"
  ],
  "marker": "o",
  "sample_size": 14,
  "point_size_range": [
    30,
    60
  ],
  "x_ticks": [
    42.0,
    51.0,
    60.0,
    69.0,
    78.0
  ],
  "y_ticks": [
    18000.0,
    25000.0,
    32000.0,
    39000.0,
    46000.0
  ],
  "x_ticks_encrypted": [
    42.0,
    46.5,
    51.0,
    55.5,
    60.0,
    64.5,
    69.0,
    73.5,
    78.0
  ],
  "y_ticks_encrypted": [
    18000.0,
    21500.0,
    25000.0,
    28500.0,
    32000.0,
    35500.0,
    39000.0,
    42500.0,
    46000.0
  ],
  "series_color": {
    "DEU": [
      "#f0c2c2"
    ],
    "IRN": [
      "#ff7f00"
    ],
    "IND": [
      "#8dd3c7"
    ],
    "NGA": [
      "#cab2d6"
    ],
    "PAK": [
      "#b2df8a"
    ],
    "JPN": [
      "#e31a1c"
    ],
    "PHL": [
      "#ffff99"
    ],
    "POL": [
      "#6a3d9a"
    ],
    "VNM": [
      "#fdbf6f"
    ],
    "ARG": [
      "#b15928"
    ],
    "GBR": [
      "#fb9a99"
    ],
    "AUS": [
      "#ffb3e6"
    ],
    "EGY": [
      "#c2f0c2"
    ],
    "BRA": [
      "#33a02c"
    ]
  },
  "label_perturbations": {
    "DEU": [
      {
        "original": [
          640,
          264
        ],
        "dx": 0.1802365338230491,
        "dy": -0.07542506518395774
      }
    ],
    "IRN": [
      {
        "original": [
          640,
          264
        ],
        "dx": -0.10249523940684152,
        "dy": -0.1872573761199294
      }
    ],
    "IND": [
      {
        "original": [
          640,
          264
        ],
        "dx": 0.08118353378537974,
        "dy": -0.04407315582163135
      }
    ],
    "NGA": [
      {
        "original": [
          640,
          264
        ],
        "dx": -0.15660592655219674,
        "dy": -0.17901768719926658
      }
    ],
    "PAK": [
      {
        "original": [
          640,
          264
        ],
        "dx": 0.07961873195887026,
        "dy": 0.14767047659372212
      }
    ],
    "JPN": [
      {
        "original": [
          640,
          264
        ],
        "dx": 0.014200492477936949,
        "dy": 0.18646581891965014
      }
    ],
    "PHL": [
      {
        "original": [
          640,
          264
        ],
        "dx": -0.039904723266619785,
        "dy": -0.14674180033249434
      }
    ],
    "POL": [
      {
        "original": [
          640,
          264
        ],
        "dx": 0.14189116481943492,
        "dy": 0.15666331534949968
      }
    ],
    "VNM": [
      {
        "original": [
          640,
          264
        ],
        "dx": 0.19619833934936587,
        "dy": -0.16439341496647022
      }
    ],
    "ARG": [
      {
        "original": [
          640,
          264
        ],
        "dx": -0.17374671001184527,
        "dy": 0.19244478878374616
      }
    ],
    "GBR": [
      {
        "original": [
          640,
          264
        ],
        "dx": 0.018900435724897774,
        "dy": 0.1288246333853879
      }
    ],
    "AUS": [
      {
        "original": [
          640,
          264
        ],
        "dx": 0.08116246441731828,
        "dy": -0.1533810244024786
      }
    ],
    "EGY": [
      {
        "original": [
          640,
          264
        ],
        "dx": 0.18826618555913838,
        "dy": 0.07689841905833972
      }
    ],
    "BRA": [
      {
        "original": [
          640,
          264
        ],
        "dx": -0.08891490058684322,
        "dy": 0.15669838217400933
      }
    ]
  }
}