{
  "chart_id": "scatter_069",
  "title": "Working hours/week vs Happiness Index",
  "dpi": 200,
  "fig_size": [
    5,
    4
  ],
  "font_size": 8,
  "palette": [
    "#f0c2c2",
    "#6a3d9a",
    "#c2c2f0",
    "#b15928",
    "#cab2d6",
    "#c2f0c2",
    "#fb9a99",
    "#fdbf6f",
    "#33a02c",
    "#b2df8a",
    "#8dd3c7",
    "#ff7f00",
    "#ffb3e6",
    "#ffff99",
    "#e31a1c"
  ],
  "marker": "o",
  "sample_size": 9,
  "point_size_range": [
    30,
    60
  ],
  "x_ticks": [
    34.0,
    39.0,
    44.0,
    49.0,
    54.0
  ],
  "y_ticks": [
    4.0,
    4.75,
    5.5,
    6.25,
    7.0
  ],
  "x_ticks_encrypted": [
    34.0,
    36.5,
    39.0,
    41.5,
    44.0,
    46.5,
    49.0,
    51.5,
    54.0
  ],
  "y_ticks_encrypted": [
    4.0,
    4.38,
    4.75,
    5.12,
    5.5,
    5.88,
    6.25,
    6.62,
    7.0
  ],
  "series_color": {
    "ARG": [
      "#ffb3e6"
    ],
    "EGY": [
      "#fdbf6f"
    ],
    "IND": [
      "#e31a1c"
    ],
    "TUR": [
      "#c2f0c2"
    ],
    "IRN": [
      "#b2df8a"
    ],
    "USA": [
      "#fb9a99"
    ],
    "CAN": [
      "#b15928"
    ],
    "GBR": [
      "#8dd3c7"
    ],
    "DEU": [
      "#ff7f00"
    ]
  },
  "label_perturbations": {
    "ARG": [
      {
        "original": [
          535,
          354
        ],
        "dx": 0.13415552607276987,
        "dy": 0.0351193420775259
      }
    ],
    "EGY": [
      {
        "original": [
          535,
          354
        ],
        "dx": 0.12012861294667526,
        "dy": 0.04436776010299437
      }
    ],
    "IND": [
      {
        "original": [
          535,
          354
        ],
        "dx": -0.1494049236200492,
        "dy": -0.08343345361766437
      }
    ],
    "TUR": [
      {
        "original": [
          535,
          354
        ],
        "dx": -0.1122651882447471,
        "dy": -0.07040732809517372
      }
    ],
    "IRN": [
      {
        "original": [
          535,
          354
        ],
        "dx": 0.09292670689299809,
        "dy": -0.08444400759820608
      }
    ],
    "USA": [
      {
        "original": [
          535,
          354
        ],
        "dx": 0.1585393096426551,
        "dy": 0.09892190345623642
      }
    ],
    "CAN": [
      {
        "original": [
          535,
          354
        ],
        "dx": -0.07163639618916925,
        "dy": 0.04997723804010992
      }
    ],
    "GBR": [
      {
        "original": [
          535,
          354
        ],
        "dx": -0.004055198697893114,
        "dy": -0.19454825622717717
      }
    ],
    "DEU": [
      {
        "original": [
          535,
          354
        ],
        "dx": -0.0529712148067453,
        "dy": 0.00923386348915231
      }
    ]
  }
}