{
  "chart_id": "scatter_077",
  "title": "Hospital beds per 1000 vs Life expectancy (years)",
  "dpi": 100,
  "fig_size": [
    7,
    5
  ],
  "font_size": 12,
  "palette": [
    "#f0c2c2",
    "#6a3d9a",
    "#c2c2f0",
    "#b15928",
    "#cab2d6",
    "#c2f0c2",
    "#fb9a99",
    "#fdbf6f",
    "#33a02c",
    "#b2df8a",
    "#8dd3c7",
    "#ff7f00",
    "#ffb3e6",
    "#ffff99",
    "#e31a1c"
  ],
  "marker": "*",
  "sample_size": 11,
  "point_size_range": [
    30,
    60
  ],
  "x_ticks": [
    5.0,
    6.0,
    7.0,
    8.0,
    9.0
  ],
  "y_ticks": [
    56.0,
    61.0,
    66.0,
    71.0,
    76.0
  ],
  "x_ticks_encrypted": [
    5.0,
    5.5,
    6.0,
    6.5,
    7.0,
    7.5,
    8.0,
    8.5,
    9.0
  ],
  "y_ticks_encrypted": [
    56.0,
    58.5,
    61.0,
    63.5,
    66.0,
    68.5,
    71.0,
    73.5,
    76.0
  ],
  "series_color": {
    "IRN": [
      "#ffff99"
    ],
    "MEX": [
      "#b2df8a"
    ],
    "KOR": [
      "#cab2d6"
    ],
    "ESP": [
      "#b15928"
    ],
    "GBR": [
      "#6a3d9a"
    ],
    "IDN": [
      "#f0c2c2"
    ],
    "TUR": [
      "#ffb3e6"
    ],
    "SAU": [
      "#8dd3c7"
    ],
    "ARG": [
      "#fb9a99"
    ],
    "JPN": [
      "#e31a1c"
    ],
    "CAN": [
      "#ff7f00"
    ]
  },
  "label_perturbations": {
    "IRN": [
      {
        "original": [
          130,
          182
        ],
        "dx": -0.1287137456404194,
        "dy": -0.09842553065801436
      }
    ],
    "MEX": [
      {
        "original": [
          130,
          182
        ],
        "dx": -0.092966459929304,
        "dy": -0.04487495222271956
      }
    ],
    "KOR": [
      {
        "original": [
          130,
          182
        ],
        "dx": -0.13601503656503988,
        "dy": 0.04086532913434454
      }
    ],
    "ESP": [
      {
        "original": [
          130,
          182
        ],
        "dx": 0.18437649342715884,
        "dy": 0.11941225293007224
      }
    ],
    "GBR": [
      {
        "original": [
          130,
          182
        ],
        "dx": -0.06018050717502749,
        "dy": -0.09175978707475699
      }
    ],
    "IDN": [
      {
        "original": [
          130,
          182
        ],
        "dx": 0.10429269378575545,
        "dy": 0.00817795250708278
      }
    ],
    "TUR": [
      {
        "original": [
          130,
          182
        ],
        "dx": 0.14329330007481222,
        "dy": -0.0025153927844048796
      }
    ],
    "SAU": [
      {
        "original": [
          130,
          182
        ],
        "dx": 0.09899217503837054,
        "dy": -0.0754153749721648
      }
    ],
    "ARG": [
      {
        "original": [
          130,
          182
        ],
        "dx": -0.024433566900820602,
        "dy": 0.13927975767668482
      }
    ],
    "JPN": [
      {
        "original": [
          130,
          182
        ],
        "dx": -0.09727683553415507,
        "dy": 0.18120605714556187
      }
    ],
    "CAN": [
      {
        "original": [
          130,
          182
        ],
        "dx": -0.13714508300231687,
        "dy": 0.06752154800149845
      }
    ]
  }
}