{
  "chart_id": "scatter_095",
  "title": "Internet penetration (%) vs GDP per capita (USD)",
  "dpi": 200,
  "fig_size": [
    5,
    4
  ],
  "font_size": 10,
  "palette": [
    "#f0c2c2",
    "#6a3d9a",
    "#c2c2f0",
    "#b15928",
    "#cab2d6",
    "#c2f0c2",
    "#fb9a99",
    "#fdbf6f",
    "#33a02c",
    "#b2df8a",
    "#8dd3c7",
    "#ff7f00",
    "#ffb3e6",
    "#ffff99",
    "#e31a1c"
  ],
  "marker": "s",
  "sample_size": 14,
  "point_size_range": [
    30,
    60
  ],
  "x_ticks": [
    46.0,
    53.5,
    61.0,
    68.5,
    76.0
  ],
  "y_ticks": [
    26000.0,
    32500.0,
    39000.0,
    45500.0,
    52000.0
  ],
  "x_ticks_encrypted": [
    46.0,
    49.75,
    53.5,
    57.25,
    61.0,
    64.75,
    68.5,
    72.25,
    76.0
  ],
  "y_ticks_encrypted": [
    26000.0,
    29250.0,
    32500.0,
    35750.0,
    39000.0,
    42250.0,
    45500.0,
    48750.0,
    52000.0
  ],
  "series_color": {
    "SAU": [
      "#ffff99"
    ],
    "PHL": [
      "#c2f0c2"
    ],
    "USA": [
      "#b15928"
    ],
    "CAN": [
      "#c2c2f0"
    ],
    "TUR": [
      "#6a3d9a"
    ],
    "NGA": [
      "#33a02c"
    ],
    "CHN": [
      "#cab2d6"
    ],
    "EGY": [
      "#e31a1c"
    ],
    "VNM": [
      "#ffb3e6"
    ],
    "DEU": [
      "#b2df8a"
    ],
    "FRA": [
      "#f0c2c2"
    ],
    "RUS": [
      "#ff7f00"
    ],
    "PAK": [
      "#fdbf6f"
    ],
    "IDN": [
      "#fb9a99"
    ]
  },
  "label_perturbations": {
    "SAU": [
      {
        "original": [
          554,
          486
        ],
        "dx": 0.053773849899613146,
        "dy": 0.0044873836595242245
      }
    ],
    "PHL": [
      {
        "original": [
          554,
          486
        ],
        "dx": 0.1297061927870642,
        "dy": -0.015704236121189596
      }
    ],
    "USA": [
      {
        "original": [
          554,
          486
        ],
        "dx": -0.009899594257712613,
        "dy": -0.1543273967368436
      }
    ],
    "CAN": [
      {
        "original": [
          554,
          486
        ],
        "dx": -0.031659483298342644,
        "dy": 0.18942663933219722
      }
    ],
    "TUR": [
      {
        "original": [
          554,
          486
        ],
        "dx": 0.12574255600217688,
        "dy": -0.08817541314169097
      }
    ],
    "NGA": [
      {
        "original": [
          554,
          486
        ],
        "dx": -0.06676549337453488,
        "dy": 0.1899481279825589
      }
    ],
    "CHN": [
      {
        "original": [
          554,
          486
        ],
        "dx": -0.19231331826926407,
        "dy": -0.010516485589345426
      }
    ],
    "EGY": [
      {
        "original": [
          554,
          486
        ],
        "dx": 0.1733253316909681,
        "dy": -0.04236590753637831
      }
    ],
    "VNM": [
      {
        "original": [
          554,
          486
        ],
        "dx": -0.18280632335135755,
        "dy": -0.018222619525584433
      }
    ],
    "DEU": [
      {
        "original": [
          554,
          486
        ],
        "dx": -0.18376918248275756,
        "dy": -0.04370917655018655
      }
    ],
    "FRA": [
      {
        "original": [
          554,
          486
        ],
        "dx": -0.17453117960462264,
        "dy": 0.18535606589877557
      }
    ],
    "RUS": [
      {
        "original": [
          554,
          486
        ],
        "dx": 0.00916404329249737,
        "dy": 0.1706183448245181
      }
    ],
    "PAK": [
      {
        "original": [
          554,
          486
        ],
        "dx": 0.003079283232064134,
        "dy": -0.12564840821646378
      }
    ],
    "IDN": [
      {
        "original": [
          554,
          486
        ],
        "dx": -0.0095510397944078,
        "dy": -0.053124283608136785
      }
    ]
  }
}