{
  "chart_id": "scatter_079",
  "title": "Working hours/week vs Happiness Index",
  "dpi": 200,
  "fig_size": [
    7,
    5
  ],
  "font_size": 12,
  "palette": [
    "#f0c2c2",
    "#6a3d9a",
    "#c2c2f0",
    "#b15928",
    "#cab2d6",
    "#c2f0c2",
    "#fb9a99",
    "#fdbf6f",
    "#33a02c",
    "#b2df8a",
    "#8dd3c7",
    "#ff7f00",
    "#ffb3e6",
    "#ffff99",
    "#e31a1c"
  ],
  "marker": "s",
  "sample_size": 8,
  "point_size_range": [
    30,
    60
  ],
  "x_ticks": [
    36.0,
    39.0,
    42.0,
    45.0,
    48.0
  ],
  "y_ticks": [
    4.0,
    4.75,
    5.5,
    6.25,
    7.0
  ],
  "x_ticks_encrypted": [
    36.0,
    37.5,
    39.0,
    40.5,
    42.0,
    43.5,
    45.0,
    46.5,
    48.0
  ],
  "y_ticks_encrypted": [
    4.0,
    4.38,
    4.75,
    5.12,
    5.5,
    5.88,
    6.25,
    6.62,
    7.0
  ],
  "series_color": {
    "CAN": [
      "#ffff99"
    ],
    "JPN": [
      "#ffb3e6"
    ],
    "SAU": [
      "#e31a1c"
    ],
    "EGY": [
      "#f0c2c2"
    ],
    "POL": [
      "#b2df8a"
    ],
    "UKR": [
      "#cab2d6"
    ],
    "ARG": [
      "#c2f0c2"
    ],
    "COL": [
      "#8dd3c7"
    ]
  },
  "label_perturbations": {
    "CAN": [
      {
        "original": [
          836,
          429
        ],
        "dx": 0.005445695815601281,
        "dy": 0.08389389778512746
      }
    ],
    "JPN": [
      {
        "original": [
          836,
          429
        ],
        "dx": -0.027435081504601888,
        "dy": -0.11577024500847402
      }
    ],
    "SAU": [
      {
        "original": [
          836,
          429
        ],
        "dx": -0.07262467841063916,
        "dy": -0.07448175159864565
      }
    ],
    "EGY": [
      {
        "original": [
          836,
          429
        ],
        "dx": -0.1520179500403498,
        "dy": -0.15150394531601605
      }
    ],
    "POL": [
      {
        "original": [
          836,
          429
        ],
        "dx": -0.05043085463379557,
        "dy": -0.19046483769421557
      }
    ],
    "UKR": [
      {
        "original": [
          836,
          429
        ],
        "dx": -0.17381189746227022,
        "dy": 0.19241437221241336
      }
    ],
    "ARG": [
      {
        "original": [
          836,
          429
        ],
        "dx": 0.04375336121165865,
        "dy": 0.07817679410729056
      }
    ],
    "COL": [
      {
        "original": [
          836,
          429
        ],
        "dx": -0.1856875330266438,
        "dy": -0.08007765632431858
      }
    ]
  }
}