{
  "chart_id": "scatter_075",
  "title": "Internet penetration (%) vs GDP per capita (USD)",
  "dpi": 200,
  "fig_size": [
    7,
    5
  ],
  "font_size": 10,
  "palette": [
    "#f0c2c2",
    "#6a3d9a",
    "#c2c2f0",
    "#b15928",
    "#cab2d6",
    "#c2f0c2",
    "#fb9a99",
    "#fdbf6f",
    "#33a02c",
    "#b2df8a",
    "#8dd3c7",
    "#ff7f00",
    "#ffb3e6",
    "#ffff99",
    "#e31a1c"
  ],
  "marker": "o",
  "sample_size": 11,
  "point_size_range": [
    30,
    60
  ],
  "x_ticks": [
    38.0,
    45.5,
    53.0,
    60.5,
    68.0
  ],
  "y_ticks": [
    24000.0,
    31500.0,
    39000.0,
    46500.0,
    54000.0
  ],
  "x_ticks_encrypted": [
    38.0,
    41.75,
    45.5,
    49.25,
    53.0,
    56.75,
    60.5,
    64.25,
    68.0
  ],
  "y_ticks_encrypted": [
    24000.0,
    27750.0,
    31500.0,
    35250.0,
    39000.0,
    42750.0,
    46500.0,
    50250.0,
    54000.0
  ],
  "series_color": {
    "ITA": [
      "#b2df8a"
    ],
    "IND": [
      "#6a3d9a"
    ],
    "VNM": [
      "#e31a1c"
    ],
    "SAU": [
      "#ff7f00"
    ],
    "CAN": [
      "#c2f0c2"
    ],
    "THA": [
      "#cab2d6"
    ],
    "TUR": [
      "#8dd3c7"
    ],
    "CHN": [
      "#fdbf6f"
    ],
    "GBR": [
      "#33a02c"
    ],
    "RUS": [
      "#ffb3e6"
    ],
    "UKR": [
      "#f0c2c2"
    ]
  },
  "label_perturbations": {
    "ITA": [
      {
        "original": [
          906,
          539
        ],
        "dx": -0.11621148032029982,
        "dy": -0.05456477838875001
      }
    ],
    "IND": [
      {
        "original": [
          906,
          539
        ],
        "dx": 0.14864593261352843,
        "dy": 0.12916008323023975
      }
    ],
    "VNM": [
      {
        "original": [
          906,
          539
        ],
        "dx": -0.11329366087835915,
        "dy": 0.15399789916819018
      }
    ],
    "SAU": [
      {
        "original": [
          906,
          539
        ],
        "dx": 0.058181262791224764,
        "dy": -0.09953316031393711
      }
    ],
    "CAN": [
      {
        "original": [
          906,
          539
        ],
        "dx": 0.18345691887825594,
        "dy": 0.07851623707001054
      }
    ],
    "THA": [
      {
        "original": [
          906,
          539
        ],
        "dx": 0.03908273990853925,
        "dy": -0.03345871616817381
      }
    ],
    "TUR": [
      {
        "original": [
          906,
          539
        ],
        "dx": 0.08787617546533755,
        "dy": -0.07145992368539852
      }
    ],
    "CHN": [
      {
        "original": [
          906,
          539
        ],
        "dx": 0.04537819842596505,
        "dy": -0.07370719781283805
      }
    ],
    "GBR": [
      {
        "original": [
          906,
          539
        ],
        "dx": 0.19577634205475908,
        "dy": -0.006434114238537486
      }
    ],
    "RUS": [
      {
        "original": [
          906,
          539
        ],
        "dx": -0.10551445328348859,
        "dy": -0.05347164205221308
      }
    ],
    "UKR": [
      {
        "original": [
          906,
          539
        ],
        "dx": 0.182048938794652,
        "dy": -0.191203581191452
      }
    ]
  }
}