{
  "chart_id": "scatter_097",
  "title": "Hospital beds per 1000 vs Life expectancy (years)",
  "dpi": 200,
  "fig_size": [
    7,
    5
  ],
  "font_size": 8,
  "palette": [
    "#f0c2c2",
    "#6a3d9a",
    "#c2c2f0",
    "#b15928",
    "#cab2d6",
    "#c2f0c2",
    "#fb9a99",
    "#fdbf6f",
    "#33a02c",
    "#b2df8a",
    "#8dd3c7",
    "#ff7f00",
    "#ffb3e6",
    "#ffff99",
    "#e31a1c"
  ],
  "marker": "o",
  "sample_size": 13,
  "point_size_range": [
    30,
    60
  ],
  "x_ticks": [
    5.0,
    6.0,
    7.0,
    8.0,
    9.0
  ],
  "y_ticks": [
    60.0,
    64.5,
    69.0,
    73.5,
    78.0
  ],
  "x_ticks_encrypted": [
    5.0,
    5.5,
    6.0,
    6.5,
    7.0,
    7.5,
    8.0,
    8.5,
    9.0
  ],
  "y_ticks_encrypted": [
    60.0,
    62.25,
    64.5,
    66.75,
    69.0,
    71.25,
    73.5,
    75.75,
    78.0
  ],
  "series_color": {
    "IDN": [
      "#c2c2f0"
    ],
    "IRN": [
      "#6a3d9a"
    ],
    "RUS": [
      "#f0c2c2"
    ],
    "CAN": [
      "#fb9a99"
    ],
    "COL": [
      "#8dd3c7"
    ],
    "GBR": [
      "#fdbf6f"
    ],
    "IND": [
      "#cab2d6"
    ],
    "CHN": [
      "#b15928"
    ],
    "AUS": [
      "#b2df8a"
    ],
    "MEX": [
      "#ff7f00"
    ],
    "THA": [
      "#ffb3e6"
    ],
    "NGA": [
      "#ffff99"
    ],
    "JPN": [
      "#33a02c"
    ]
  },
  "label_perturbations": {
    "IDN": [
      {
        "original": [
          389,
          421
        ],
        "dx": 0.15050032300866673,
        "dy": 0.15697687588956322
      }
    ],
    "IRN": [
      {
        "original": [
          389,
          421
        ],
        "dx": -0.11601942267827275,
        "dy": 0.10513628439303008
      }
    ],
    "RUS": [
      {
        "original": [
          389,
          421
        ],
        "dx": 0.10157131256805318,
        "dy": -0.09214694941508408
      }
    ],
    "CAN": [
      {
        "original": [
          389,
          421
        ],
        "dx": -0.02535478521504614,
        "dy": -0.05620462463979861
      }
    ],
    "COL": [
      {
        "original": [
          389,
          421
        ],
        "dx": 0.08981706075097307,
        "dy": 0.17882679355202574
      }
    ],
    "GBR": [
      {
        "original": [
          389,
          421
        ],
        "dx": 0.08053716112743214,
        "dy": 0.017500273731476362
      }
    ],
    "IND": [
      {
        "original": [
          389,
          421
        ],
        "dx": -0.1778180123543312,
        "dy": 0.0812349152481886
      }
    ],
    "CHN": [
      {
        "original": [
          389,
          421
        ],
        "dx": 0.08486872315627203,
        "dy": -0.12417385862747606
      }
    ],
    "AUS": [
      {
        "original": [
          389,
          421
        ],
        "dx": -0.10476549900996215,
        "dy": -0.08805317155957795
      }
    ],
    "MEX": [
      {
        "original": [
          389,
          421
        ],
        "dx": 0.1781103003757537,
        "dy": 0.0244981044517949
      }
    ],
    "THA": [
      {
        "original": [
          389,
          421
        ],
        "dx": 0.1918089538117584,
        "dy": -0.06477530832930498
      }
    ],
    "NGA": [
      {
        "original": [
          389,
          421
        ],
        "dx": 0.16866448526261357,
        "dy": -0.06025998319610665
      }
    ],
    "JPN": [
      {
        "original": [
          389,
          421
        ],
        "dx": 0.19955345317938433,
        "dy": 0.10014334226101762
      }
    ]
  }
}