{
  "chart_id": "scatter_091",
  "title": "CO2 emissions per capita (tons) vs Renewable energy share (%)",
  "dpi": 100,
  "fig_size": [
    5,
    4
  ],
  "font_size": 10,
  "palette": [
    "#f0c2c2",
    "#6a3d9a",
    "#c2c2f0",
    "#b15928",
    "#cab2d6",
    "#c2f0c2",
    "#fb9a99",
    "#fdbf6f",
    "#33a02c",
    "#b2df8a",
    "#8dd3c7",
    "#ff7f00",
    "#ffb3e6",
    "#ffff99",
    "#e31a1c"
  ],
  "marker": "D",
  "sample_size": 10,
  "point_size_range": [
    30,
    60
  ],
  "x_ticks": [
    6.0,
    8.0,
    10.0,
    12.0,
    14.0
  ],
  "y_ticks": [
    42.0,
    46.5,
    51.0,
    55.5,
    60.0
  ],
  "x_ticks_encrypted": [
    6.0,
    7.0,
    8.0,
    9.0,
    10.0,
    11.0,
    12.0,
    13.0,
    14.0
  ],
  "y_ticks_encrypted": [
    42.0,
    44.25,
    46.5,
    48.75,
    51.0,
    53.25,
    55.5,
    57.75,
    60.0
  ],
  "series_color": {
    "IND": [
      "#c2c2f0"
    ],
    "CAN": [
      "#c2f0c2"
    ],
    "RUS": [
      "#b15928"
    ],
    "DEU": [
      "#ffb3e6"
    ],
    "TUR": [
      "#fdbf6f"
    ],
    "ITA": [
      "#33a02c"
    ],
    "ZAF": [
      "#ff7f00"
    ],
    "PHL": [
      "#f0c2c2"
    ],
    "POL": [
      "#6a3d9a"
    ],
    "USA": [
      "#8dd3c7"
    ]
  },
  "label_perturbations": {
    "IND": [
      {
        "original": [
          410,
          278
        ],
        "dx": 0.18299197836004794,
        "dy": -0.03381992878926843
      }
    ],
    "CAN": [
      {
        "original": [
          410,
          278
        ],
        "dx": -0.060066567276140875,
        "dy": 0.12544603061829546
      }
    ],
    "RUS": [
      {
        "original": [
          410,
          278
        ],
        "dx": 0.0269627714025987,
        "dy": 0.11313222861591926
      }
    ],
    "DEU": [
      {
        "original": [
          410,
          278
        ],
        "dx": -0.008098553602549435,
        "dy": -0.05713658909571434
      }
    ],
    "TUR": [
      {
        "original": [
          410,
          278
        ],
        "dx": -0.1690581902290593,
        "dy": 0.166193306287302
      }
    ],
    "ITA": [
      {
        "original": [
          410,
          278
        ],
        "dx": -0.13786617175973728,
        "dy": 0.0722792337184811
      }
    ],
    "ZAF": [
      {
        "original": [
          410,
          278
        ],
        "dx": 0.004832499582326205,
        "dy": -0.008220445366934337
      }
    ],
    "PHL": [
      {
        "original": [
          410,
          278
        ],
        "dx": -0.10842826698672306,
        "dy": 0.17196513863294183
      }
    ],
    "POL": [
      {
        "original": [
          410,
          278
        ],
        "dx": -0.1635941519244483,
        "dy": 0.052984254327499924
      }
    ],
    "USA": [
      {
        "original": [
          410,
          278
        ],
        "dx": 0.16082168232330812,
        "dy": -0.16162002232340536
      }
    ]
  }
}