{
  "chart_id": "scatter_089",
  "title": "Working hours/week vs Happiness Index",
  "dpi": 100,
  "fig_size": [
    5,
    4
  ],
  "font_size": 12,
  "palette": [
    "#f0c2c2",
    "#6a3d9a",
    "#c2c2f0",
    "#b15928",
    "#cab2d6",
    "#c2f0c2",
    "#fb9a99",
    "#fdbf6f",
    "#33a02c",
    "#b2df8a",
    "#8dd3c7",
    "#ff7f00",
    "#ffb3e6",
    "#ffff99",
    "#e31a1c"
  ],
  "marker": "s",
  "sample_size": 9,
  "point_size_range": [
    30,
    60
  ],
  "x_ticks": [
    40.0,
    42.0,
    44.0,
    46.0,
    48.0
  ],
  "y_ticks": [
    4.0,
    4.5,
    5.0,
    5.5,
    6.0
  ],
  "x_ticks_encrypted": [
    40.0,
    41.0,
    42.0,
    43.0,
    44.0,
    45.0,
    46.0,
    47.0,
    48.0
  ],
  "y_ticks_encrypted": [
    4.0,
    4.25,
    4.5,
    4.75,
    5.0,
    5.25,
    5.5,
    5.75,
    6.0
  ],
  "series_color": {
    "ITA": [
      "#33a02c"
    ],
    "UKR": [
      "#e31a1c"
    ],
    "FRA": [
      "#ffff99"
    ],
    "SAU": [
      "#b2df8a"
    ],
    "IRN": [
      "#8dd3c7"
    ],
    "KOR": [
      "#ff7f00"
    ],
    "AUS": [
      "#fdbf6f"
    ],
    "COL": [
      "#fb9a99"
    ],
    "PHL": [
      "#ffb3e6"
    ]
  },
  "label_perturbations": {
    "ITA": [
      {
        "original": [
          230,
          148
        ],
        "dx": -0.1121423359651283,
        "dy": 0.03078230088257458
      }
    ],
    "UKR": [
      {
        "original": [
          230,
          148
        ],
        "dx": 0.1630964250300711,
        "dy": -0.1582792443108185
      }
    ],
    "FRA": [
      {
        "original": [
          230,
          148
        ],
        "dx": -0.15244357308754322,
        "dy": -0.05651878405743918
      }
    ],
    "SAU": [
      {
        "original": [
          230,
          148
        ],
        "dx": -0.04602182495901336,
        "dy": 0.1598146384451512
      }
    ],
    "IRN": [
      {
        "original": [
          230,
          148
        ],
        "dx": 0.012999553037406464,
        "dy": 0.1319072719400795
      }
    ],
    "KOR": [
      {
        "original": [
          230,
          148
        ],
        "dx": 0.0216459277272818,
        "dy": 0.07758325749012063
      }
    ],
    "AUS": [
      {
        "original": [
          230,
          148
        ],
        "dx": -0.17410430090102766,
        "dy": 0.06546254773355781
      }
    ],
    "COL": [
      {
        "original": [
          230,
          148
        ],
        "dx": -0.18630108516968802,
        "dy": 0.11175917492762744
      }
    ],
    "PHL": [
      {
        "original": [
          230,
          148
        ],
        "dx": -0.029033452258473785,
        "dy": -0.1581744935813371
      }
    ]
  }
}