{
  "chart_id": "scatter_083",
  "title": "Literacy rate (%) vs Education spending (% of GDP)",
  "dpi": 100,
  "fig_size": [
    7,
    5
  ],
  "font_size": 8,
  "palette": [
    "#9467bd",
    "#e377c2",
    "#17becf",
    "#66c2a5",
    "#a6cee3",
    "#2ca02c",
    "#d62728",
    "#e78ac3",
    "#1f77b4",
    "#8c564b",
    "#bcbd22",
    "#fc8d62",
    "#8da0cb",
    "#7f7f7f",
    "#ff7f0e"
  ],
  "marker": "s",
  "sample_size": 12,
  "point_size_range": [
    30,
    60
  ],
  "x_ticks": [
    74.0,
    77.5,
    81.0,
    84.5,
    88.0
  ],
  "y_ticks": [
    2.0,
    3.0,
    4.0,
    5.0,
    6.0
  ],
  "x_ticks_encrypted": [
    74.0,
    75.75,
    77.5,
    79.25,
    81.0,
    82.75,
    84.5,
    86.25,
    88.0
  ],
  "y_ticks_encrypted": [
    2.0,
    2.5,
    3.0,
    3.5,
    4.0,
    4.5,
    5.0,
    5.5,
    6.0
  ],
  "series_color": {
    "IRN": [
      "#fc8d62"
    ],
    "EGY": [
      "#2ca02c"
    ],
    "USA": [
      "#bcbd22"
    ],
    "POL": [
      "#ff7f0e"
    ],
    "ZAF": [
      "#1f77b4"
    ],
    "ARG": [
      "#66c2a5"
    ],
    "CAN": [
      "#a6cee3"
    ],
    "AUS": [
      "#d62728"
    ],
    "NGA": [
      "#8c564b"
    ],
    "ITA": [
      "#e78ac3"
    ],
    "COL": [
      "#7f7f7f"
    ],
    "GBR": [
      "#17becf"
    ]
  },
  "label_perturbations": {
    "IRN": [
      {
        "original": [
          215,
          257
        ],
        "dx": 0.014006085406979951,
        "dy": -0.1608374614871246
      }
    ],
    "EGY": [
      {
        "original": [
          215,
          257
        ],
        "dx": 0.045130424664154706,
        "dy": -0.09829362384497396
      }
    ],
    "USA": [
      {
        "original": [
          215,
          257
        ],
        "dx": -0.14195461278339666,
        "dy": -0.030024866426881097
      }
    ],
    "POL": [
      {
        "original": [
          215,
          257
        ],
        "dx": 0.19337284607283223,
        "dy": 0.14904247578010915
      }
    ],
    "ZAF": [
      {
        "original": [
          215,
          257
        ],
        "dx": -0.13550088844783184,
        "dy": 0.004042426770006463
      }
    ],
    "ARG": [
      {
        "original": [
          215,
          257
        ],
        "dx": -0.045652488087508436,
        "dy": 0.002124465904833478
      }
    ],
    "CAN": [
      {
        "original": [
          215,
          257
        ],
        "dx": 0.003388291474181543,
        "dy": -0.0511972762039318
      }
    ],
    "AUS": [
      {
        "original": [
          215,
          257
        ],
        "dx": -0.10417052883169219,
        "dy": -0.12461104599233118
      }
    ],
    "NGA": [
      {
        "original": [
          215,
          257
        ],
        "dx": -0.019944809043762224,
        "dy": 0.021475846693036565
      }
    ],
    "ITA": [
      {
        "original": [
          215,
          257
        ],
        "dx": -0.02734092439529484,
        "dy": 0.029936340901688757
      }
    ],
    "COL": [
      {
        "original": [
          215,
          257
        ],
        "dx": -0.16022041327652864,
        "dy": 0.11235364887726257
      }
    ],
    "GBR": [
      {
        "original": [
          215,
          257
        ],
        "dx": -0.06708394436742116,
        "dy": -0.001944495035594851
      }
    ]
  }
}