{
  "chart_id": "scatter_087",
  "title": "Hospital beds per 1000 vs Life expectancy (years)",
  "dpi": 100,
  "fig_size": [
    7,
    5
  ],
  "font_size": 10,
  "palette": [
    "#9467bd",
    "#e377c2",
    "#17becf",
    "#66c2a5",
    "#a6cee3",
    "#2ca02c",
    "#d62728",
    "#e78ac3",
    "#1f77b4",
    "#8c564b",
    "#bcbd22",
    "#fc8d62",
    "#8da0cb",
    "#7f7f7f",
    "#ff7f0e"
  ],
  "marker": "s",
  "sample_size": 12,
  "point_size_range": [
    30,
    60
  ],
  "x_ticks": [
    4.0,
    5.25,
    6.5,
    7.75,
    9.0
  ],
  "y_ticks": [
    60.0,
    64.0,
    68.0,
    72.0,
    76.0
  ],
  "x_ticks_encrypted": [
    4.0,
    4.62,
    5.25,
    5.88,
    6.5,
    7.12,
    7.75,
    8.38,
    9.0
  ],
  "y_ticks_encrypted": [
    60.0,
    62.0,
    64.0,
    66.0,
    68.0,
    70.0,
    72.0,
    74.0,
    76.0
  ],
  "series_color": {
    "AUS": [
      "#66c2a5"
    ],
    "DEU": [
      "#7f7f7f"
    ],
    "ESP": [
      "#1f77b4"
    ],
    "PHL": [
      "#ff7f0e"
    ],
    "ARG": [
      "#e377c2"
    ],
    "SAU": [
      "#8da0cb"
    ],
    "MEX": [
      "#e78ac3"
    ],
    "KOR": [
      "#8c564b"
    ],
    "ITA": [
      "#2ca02c"
    ],
    "NGA": [
      "#bcbd22"
    ],
    "POL": [
      "#17becf"
    ],
    "PAK": [
      "#9467bd"
    ]
  },
  "label_perturbations": {
    "AUS": [
      {
        "original": [
          471,
          246
        ],
        "dx": -0.15120941620800799,
        "dy": -0.12208700769322323
      }
    ],
    "DEU": [
      {
        "original": [
          471,
          246
        ],
        "dx": 0.0662484249635904,
        "dy": -0.17405961948003018
      }
    ],
    "ESP": [
      {
        "original": [
          471,
          246
        ],
        "dx": -0.04058606371511436,
        "dy": -0.14388259300976178
      }
    ],
    "PHL": [
      {
        "original": [
          471,
          246
        ],
        "dx": 0.0396168266376736,
        "dy": -0.062475704879929206
      }
    ],
    "ARG": [
      {
        "original": [
          471,
          246
        ],
        "dx": -0.032090166450095964,
        "dy": 0.10892547679186693
      }
    ],
    "SAU": [
      {
        "original": [
          471,
          246
        ],
        "dx": 0.17990015172351698,
        "dy": -0.1642732254788043
      }
    ],
    "MEX": [
      {
        "original": [
          471,
          246
        ],
        "dx": 0.16311783518533834,
        "dy": 0.02007213723633025
      }
    ],
    "KOR": [
      {
        "original": [
          471,
          246
        ],
        "dx": 0.15524587060056133,
        "dy": 0.09094439839413776
      }
    ],
    "ITA": [
      {
        "original": [
          471,
          246
        ],
        "dx": 0.04736318174987053,
        "dy": -0.16972814017224402
      }
    ],
    "NGA": [
      {
        "original": [
          471,
          246
        ],
        "dx": -0.19582160645271937,
        "dy": 0.05484940670785304
      }
    ],
    "POL": [
      {
        "original": [
          471,
          246
        ],
        "dx": -0.1837477774145401,
        "dy": 0.13100980941325086
      }
    ],
    "PAK": [
      {
        "original": [
          471,
          246
        ],
        "dx": 0.023389561340340898,
        "dy": -0.0799097389414945
      }
    ]
  }
}