{
  "chart_id": "scatter_067",
  "title": "Hospital beds per 1000 vs Life expectancy (years)",
  "dpi": 200,
  "fig_size": [
    5,
    4
  ],
  "font_size": 8,
  "palette": [
    "#f0c2c2",
    "#6a3d9a",
    "#c2c2f0",
    "#b15928",
    "#cab2d6",
    "#c2f0c2",
    "#fb9a99",
    "#fdbf6f",
    "#33a02c",
    "#b2df8a",
    "#8dd3c7",
    "#ff7f00",
    "#ffb3e6",
    "#ffff99",
    "#e31a1c"
  ],
  "marker": "o",
  "sample_size": 15,
  "point_size_range": [
    30,
    60
  ],
  "x_ticks": [
    2.0,
    4.0,
    6.0,
    8.0,
    10.0
  ],
  "y_ticks": [
    60.0,
    64.0,
    68.0,
    72.0,
    76.0
  ],
  "x_ticks_encrypted": [
    2.0,
    3.0,
    4.0,
    5.0,
    6.0,
    7.0,
    8.0,
    9.0,
    10.0
  ],
  "y_ticks_encrypted": [
    60.0,
    62.0,
    64.0,
    66.0,
    68.0,
    70.0,
    72.0,
    74.0,
    76.0
  ],
  "series_color": {
    "USA": [
      "#fb9a99"
    ],
    "VNM": [
      "#33a02c"
    ],
    "SAU": [
      "#b15928"
    ],
    "PAK": [
      "#ffb3e6"
    ],
    "RUS": [
      "#8dd3c7"
    ],
    "EGY": [
      "#e31a1c"
    ],
    "UKR": [
      "#c2c2f0"
    ],
    "CAN": [
      "#ffff99"
    ],
    "FRA": [
      "#fdbf6f"
    ],
    "ARG": [
      "#ff7f00"
    ],
    "IRN": [
      "#b2df8a"
    ],
    "THA": [
      "#6a3d9a"
    ],
    "NGA": [
      "#f0c2c2"
    ],
    "JPN": [
      "#c2f0c2"
    ],
    "ITA": [
      "#cab2d6"
    ]
  },
  "label_perturbations": {
    "USA": [
      {
        "original": [
          717,
          490
        ],
        "dx": -0.19975004604551133,
        "dy": -0.047955033223178845
      }
    ],
    "VNM": [
      {
        "original": [
          717,
          490
        ],
        "dx": 0.10046176388569977,
        "dy": 0.11797509663789013
      }
    ],
    "SAU": [
      {
        "original": [
          717,
          490
        ],
        "dx": -0.11684154468390306,
        "dy": -0.10141793181504216
      }
    ],
    "PAK": [
      {
        "original": [
          717,
          490
        ],
        "dx": -0.0798761465173969,
        "dy": -0.12619909861226686
      }
    ],
    "RUS": [
      {
        "original": [
          717,
          490
        ],
        "dx": 0.06695344734863684,
        "dy": 0.06899894052752986
      }
    ],
    "EGY": [
      {
        "original": [
          717,
          490
        ],
        "dx": -0.0681944307665166,
        "dy": 0.13072929699148567
      }
    ],
    "UKR": [
      {
        "original": [
          717,
          490
        ],
        "dx": -0.09784307400530752,
        "dy": 0.15131285988939785
      }
    ],
    "CAN": [
      {
        "original": [
          717,
          490
        ],
        "dx": 0.17070500940855665,
        "dy": -0.1352056974712233
      }
    ],
    "FRA": [
      {
        "original": [
          717,
          490
        ],
        "dx": 0.007939157370152994,
        "dy": 0.062370675845362156
      }
    ],
    "ARG": [
      {
        "original": [
          717,
          490
        ],
        "dx": 0.06078206684878501,
        "dy": -0.06261878651209551
      }
    ],
    "IRN": [
      {
        "original": [
          717,
          490
        ],
        "dx": -0.15737600210661906,
        "dy": -0.12505698500792206
      }
    ],
    "THA": [
      {
        "original": [
          717,
          490
        ],
        "dx": 0.10833337222062389,
        "dy": -0.003786720335639343
      }
    ],
    "NGA": [
      {
        "original": [
          717,
          490
        ],
        "dx": -0.14522975803369725,
        "dy": -0.16926464683357165
      }
    ],
    "JPN": [
      {
        "original": [
          717,
          490
        ],
        "dx": 0.024508517179028466,
        "dy": 0.17193403353172337
      }
    ],
    "ITA": [
      {
        "original": [
          717,
          490
        ],
        "dx": -0.0037586972718583467,
        "dy": -0.02603757841361301
      }
    ]
  }
}