{
  "chart_id": "scatter_085",
  "title": "Internet penetration (%) vs GDP per capita (USD)",
  "dpi": 200,
  "fig_size": [
    5,
    4
  ],
  "font_size": 8,
  "palette": [
    "#f0c2c2",
    "#6a3d9a",
    "#c2c2f0",
    "#b15928",
    "#cab2d6",
    "#c2f0c2",
    "#fb9a99",
    "#fdbf6f",
    "#33a02c",
    "#b2df8a",
    "#8dd3c7",
    "#ff7f00",
    "#ffb3e6",
    "#ffff99",
    "#e31a1c"
  ],
  "marker": "^",
  "sample_size": 9,
  "point_size_range": [
    30,
    60
  ],
  "x_ticks": [
    50.0,
    54.5,
    59.0,
    63.5,
    68.0
  ],
  "y_ticks": [
    24000.0,
    30500.0,
    37000.0,
    43500.0,
    50000.0
  ],
  "x_ticks_encrypted": [
    50.0,
    52.25,
    54.5,
    56.75,
    59.0,
    61.25,
    63.5,
    65.75,
    68.0
  ],
  "y_ticks_encrypted": [
    24000.0,
    27250.0,
    30500.0,
    33750.0,
    37000.0,
    40250.0,
    43500.0,
    46750.0,
    50000.0
  ],
  "series_color": {
    "ESP": [
      "#ff7f00"
    ],
    "ITA": [
      "#fdbf6f"
    ],
    "POL": [
      "#b15928"
    ],
    "BRA": [
      "#f0c2c2"
    ],
    "DEU": [
      "#b2df8a"
    ],
    "AUS": [
      "#6a3d9a"
    ],
    "COL": [
      "#ffb3e6"
    ],
    "NGA": [
      "#cab2d6"
    ],
    "CAN": [
      "#c2c2f0"
    ]
  },
  "label_perturbations": {
    "ESP": [
      {
        "original": [
          534,
          258
        ],
        "dx": -0.023930690764450313,
        "dy": -0.04802368750023672
      }
    ],
    "ITA": [
      {
        "original": [
          534,
          258
        ],
        "dx": 0.10831241744988462,
        "dy": 0.14111536673331443
      }
    ],
    "POL": [
      {
        "original": [
          534,
          258
        ],
        "dx": 0.038060121049133755,
        "dy": -0.06800093481907865
      }
    ],
    "BRA": [
      {
        "original": [
          534,
          258
        ],
        "dx": 0.18107812119868866,
        "dy": 0.11266295787214958
      }
    ],
    "DEU": [
      {
        "original": [
          534,
          258
        ],
        "dx": -0.17555126736452162,
        "dy": -0.10643950183701811
      }
    ],
    "AUS": [
      {
        "original": [
          534,
          258
        ],
        "dx": 0.007609512409861768,
        "dy": -0.04607890877634166
      }
    ],
    "COL": [
      {
        "original": [
          534,
          258
        ],
        "dx": 0.021857443431333723,
        "dy": -0.15015464570143153
      }
    ],
    "NGA": [
      {
        "original": [
          534,
          258
        ],
        "dx": -0.050255591194857674,
        "dy": -0.07979431512876936
      }
    ],
    "CAN": [
      {
        "original": [
          534,
          258
        ],
        "dx": 0.16485309718273305,
        "dy": -0.16541445484214404
      }
    ]
  }
}