{
  "chart_id": "scatter_093",
  "title": "Literacy rate (%) vs Education spending (% of GDP)",
  "dpi": 200,
  "fig_size": [
    7,
    5
  ],
  "font_size": 10,
  "palette": [
    "#9467bd",
    "#e377c2",
    "#17becf",
    "#66c2a5",
    "#a6cee3",
    "#2ca02c",
    "#d62728",
    "#e78ac3",
    "#1f77b4",
    "#8c564b",
    "#bcbd22",
    "#fc8d62",
    "#8da0cb",
    "#7f7f7f",
    "#ff7f0e"
  ],
  "marker": "o",
  "sample_size": 9,
  "point_size_range": [
    30,
    60
  ],
  "x_ticks": [
    74.0,
    78.0,
    82.0,
    86.0,
    90.0
  ],
  "y_ticks": [
    4.0,
    4.75,
    5.5,
    6.25,
    7.0
  ],
  "x_ticks_encrypted": [
    74.0,
    76.0,
    78.0,
    80.0,
    82.0,
    84.0,
    86.0,
    88.0,
    90.0
  ],
  "y_ticks_encrypted": [
    4.0,
    4.38,
    4.75,
    5.12,
    5.5,
    5.88,
    6.25,
    6.62,
    7.0
  ],
  "series_color": {
    "ITA": [
      "#8c564b"
    ],
    "TUR": [
      "#a6cee3"
    ],
    "COL": [
      "#e377c2"
    ],
    "CHN": [
      "#9467bd"
    ],
    "IDN": [
      "#7f7f7f"
    ],
    "THA": [
      "#bcbd22"
    ],
    "KOR": [
      "#17becf"
    ],
    "GBR": [
      "#8da0cb"
    ],
    "NGA": [
      "#2ca02c"
    ]
  },
  "label_perturbations": {
    "ITA": [
      {
        "original": [
          801,
          614
        ],
        "dx": 0.18080648221728057,
        "dy": 0.04171248585268969
      }
    ],
    "TUR": [
      {
        "original": [
          801,
          614
        ],
        "dx": 0.14614740471317883,
        "dy": -0.10444007888588841
      }
    ],
    "COL": [
      {
        "original": [
          801,
          614
        ],
        "dx": 0.17755779920742504,
        "dy": 0.19351878433567532
      }
    ],
    "CHN": [
      {
        "original": [
          801,
          614
        ],
        "dx": 0.14441866133039405,
        "dy": 0.17900694400630557
      }
    ],
    "IDN": [
      {
        "original": [
          801,
          614
        ],
        "dx": -0.12694641257252096,
        "dy": 0.12619370800573804
      }
    ],
    "THA": [
      {
        "original": [
          801,
          614
        ],
        "dx": 0.06035995988931481,
        "dy": -0.051399989375310956
      }
    ],
    "KOR": [
      {
        "original": [
          801,
          614
        ],
        "dx": 0.050403360401619746,
        "dy": 0.11621148144656046
      }
    ],
    "GBR": [
      {
        "original": [
          801,
          614
        ],
        "dx": -0.02320278351968247,
        "dy": 0.07667229304997047
      }
    ],
    "NGA": [
      {
        "original": [
          801,
          614
        ],
        "dx": -0.17210569879194348,
        "dy": 0.14509943524797625
      }
    ]
  }
}