{
  "chart_id": "scatter_073",
  "title": "Literacy rate (%) vs Education spending (% of GDP)",
  "dpi": 200,
  "fig_size": [
    5,
    4
  ],
  "font_size": 8,
  "palette": [
    "#f0c2c2",
    "#6a3d9a",
    "#c2c2f0",
    "#b15928",
    "#cab2d6",
    "#c2f0c2",
    "#fb9a99",
    "#fdbf6f",
    "#33a02c",
    "#b2df8a",
    "#8dd3c7",
    "#ff7f00",
    "#ffb3e6",
    "#ffff99",
    "#e31a1c"
  ],
  "marker": "s",
  "sample_size": 14,
  "point_size_range": [
    30,
    60
  ],
  "x_ticks": [
    68.0,
    73.0,
    78.0,
    83.0,
    88.0
  ],
  "y_ticks": [
    2.0,
    3.0,
    4.0,
    5.0,
    6.0
  ],
  "x_ticks_encrypted": [
    68.0,
    70.5,
    73.0,
    75.5,
    78.0,
    80.5,
    83.0,
    85.5,
    88.0
  ],
  "y_ticks_encrypted": [
    2.0,
    2.5,
    3.0,
    3.5,
    4.0,
    4.5,
    5.0,
    5.5,
    6.0
  ],
  "series_color": {
    "USA": [
      "#b15928"
    ],
    "NGA": [
      "#ffb3e6"
    ],
    "THA": [
      "#e31a1c"
    ],
    "DEU": [
      "#33a02c"
    ],
    "MEX": [
      "#6a3d9a"
    ],
    "CAN": [
      "#fdbf6f"
    ],
    "PHL": [
      "#b2df8a"
    ],
    "BRA": [
      "#c2f0c2"
    ],
    "IND": [
      "#fb9a99"
    ],
    "ZAF": [
      "#ffff99"
    ],
    "JPN": [
      "#f0c2c2"
    ],
    "UKR": [
      "#ff7f00"
    ],
    "CHN": [
      "#c2c2f0"
    ],
    "KOR": [
      "#cab2d6"
    ]
  },
  "label_perturbations": {
    "USA": [
      {
        "original": [
          551,
          277
        ],
        "dx": -0.02520644192807256,
        "dy": -0.1963399105905116
      }
    ],
    "NGA": [
      {
        "original": [
          551,
          277
        ],
        "dx": -0.028997393425610835,
        "dy": -0.010339245063765906
      }
    ],
    "THA": [
      {
        "original": [
          551,
          277
        ],
        "dx": -0.02828841758757697,
        "dy": 0.1537106947027116
      }
    ],
    "DEU": [
      {
        "original": [
          551,
          277
        ],
        "dx": 0.17965221814495463,
        "dy": -0.030380303716972312
      }
    ],
    "MEX": [
      {
        "original": [
          551,
          277
        ],
        "dx": 0.15279413039656736,
        "dy": 0.023196837915992946
      }
    ],
    "CAN": [
      {
        "original": [
          551,
          277
        ],
        "dx": 0.021020404800161874,
        "dy": 0.04784597112993261
      }
    ],
    "PHL": [
      {
        "original": [
          551,
          277
        ],
        "dx": -0.17546773065597857,
        "dy": 0.16900235073531117
      }
    ],
    "BRA": [
      {
        "original": [
          551,
          277
        ],
        "dx": -0.1234829232257205,
        "dy": 0.03897225526476128
      }
    ],
    "IND": [
      {
        "original": [
          551,
          277
        ],
        "dx": 0.05005250591194477,
        "dy": 0.09170390535398065
      }
    ],
    "ZAF": [
      {
        "original": [
          551,
          277
        ],
        "dx": -0.1837990994781322,
        "dy": 0.03074861041170468
      }
    ],
    "JPN": [
      {
        "original": [
          551,
          277
        ],
        "dx": -0.07723365999940507,
        "dy": -0.015224097793733071
      }
    ],
    "UKR": [
      {
        "original": [
          551,
          277
        ],
        "dx": 0.10143925174860485,
        "dy": 0.024274493760591875
      }
    ],
    "CHN": [
      {
        "original": [
          551,
          277
        ],
        "dx": -0.054465694151347804,
        "dy": -0.07521568316422785
      }
    ],
    "KOR": [
      {
        "original": [
          551,
          277
        ],
        "dx": -0.19395446838070762,
        "dy": -0.010566367574431496
      }
    ]
  }
}