{
  "chart_id": "scatter_099",
  "title": "Working hours/week vs Happiness Index",
  "dpi": 200,
  "fig_size": [
    5,
    4
  ],
  "font_size": 10,
  "palette": [
    "#9467bd",
    "#e377c2",
    "#17becf",
    "#66c2a5",
    "#a6cee3",
    "#2ca02c",
    "#d62728",
    "#e78ac3",
    "#1f77b4",
    "#8c564b",
    "#bcbd22",
    "#fc8d62",
    "#8da0cb",
    "#7f7f7f",
    "#ff7f0e"
  ],
  "marker": "*",
  "sample_size": 10,
  "point_size_range": [
    30,
    60
  ],
  "x_ticks": [
    36.0,
    38.5,
    41.0,
    43.5,
    46.0
  ],
  "y_ticks": [
    4.0,
    4.75,
    5.5,
    6.25,
    7.0
  ],
  "x_ticks_encrypted": [
    36.0,
    37.25,
    38.5,
    39.75,
    41.0,
    42.25,
    43.5,
    44.75,
    46.0
  ],
  "y_ticks_encrypted": [
    4.0,
    4.38,
    4.75,
    5.12,
    5.5,
    5.88,
    6.25,
    6.62,
    7.0
  ],
  "series_color": {
    "VNM": [
      "#a6cee3"
    ],
    "BRA": [
      "#fc8d62"
    ],
    "POL": [
      "#1f77b4"
    ],
    "NGA": [
      "#2ca02c"
    ],
    "IDN": [
      "#bcbd22"
    ],
    "CHN": [
      "#e377c2"
    ],
    "UKR": [
      "#e78ac3"
    ],
    "IND": [
      "#8c564b"
    ],
    "JPN": [
      "#7f7f7f"
    ],
    "FRA": [
      "#17becf"
    ]
  },
  "label_perturbations": {
    "VNM": [
      {
        "original": [
          766,
          147
        ],
        "dx": 0.025928891025822937,
        "dy": -0.006496926105512418
      }
    ],
    "BRA": [
      {
        "original": [
          766,
          147
        ],
        "dx": -0.13798419968792267,
        "dy": -0.03813479944026499
      }
    ],
    "POL": [
      {
        "original": [
          766,
          147
        ],
        "dx": -0.027604561751309598,
        "dy": -0.06624462264937758
      }
    ],
    "NGA": [
      {
        "original": [
          766,
          147
        ],
        "dx": 0.009837114911597139,
        "dy": 0.07129674081940868
      }
    ],
    "IDN": [
      {
        "original": [
          766,
          147
        ],
        "dx": 0.08851433486803345,
        "dy": -0.032394828911022466
      }
    ],
    "CHN": [
      {
        "original": [
          766,
          147
        ],
        "dx": 0.17572086353127048,
        "dy": -0.1698276176208111
      }
    ],
    "UKR": [
      {
        "original": [
          766,
          147
        ],
        "dx": -0.10770815293799121,
        "dy": -0.05204274672954995
      }
    ],
    "IND": [
      {
        "original": [
          766,
          147
        ],
        "dx": -0.020751437974853765,
        "dy": 0.06121674357926288
      }
    ],
    "JPN": [
      {
        "original": [
          766,
          147
        ],
        "dx": -0.04261965453100078,
        "dy": 0.17437118840225646
      }
    ],
    "FRA": [
      {
        "original": [
          766,
          147
        ],
        "dx": -0.08570581598533145,
        "dy": 0.08022846445115789
      }
    ]
  }
}