{
  "chart_id": "scatter_081",
  "title": "CO2 emissions per capita (tons) vs Renewable energy share (%)",
  "dpi": 100,
  "fig_size": [
    5,
    4
  ],
  "font_size": 8,
  "palette": [
    "#f0c2c2",
    "#6a3d9a",
    "#c2c2f0",
    "#b15928",
    "#cab2d6",
    "#c2f0c2",
    "#fb9a99",
    "#fdbf6f",
    "#33a02c",
    "#b2df8a",
    "#8dd3c7",
    "#ff7f00",
    "#ffb3e6",
    "#ffff99",
    "#e31a1c"
  ],
  "marker": "*",
  "sample_size": 10,
  "point_size_range": [
    30,
    60
  ],
  "x_ticks": [
    6.0,
    8.0,
    10.0,
    12.0,
    14.0
  ],
  "y_ticks": [
    26.0,
    34.0,
    42.0,
    50.0,
    58.0
  ],
  "x_ticks_encrypted": [
    6.0,
    7.0,
    8.0,
    9.0,
    10.0,
    11.0,
    12.0,
    13.0,
    14.0
  ],
  "y_ticks_encrypted": [
    26.0,
    30.0,
    34.0,
    38.0,
    42.0,
    46.0,
    50.0,
    54.0,
    58.0
  ],
  "series_color": {
    "IDN": [
      "#cab2d6"
    ],
    "UKR": [
      "#33a02c"
    ],
    "TUR": [
      "#ff7f00"
    ],
    "BRA": [
      "#c2f0c2"
    ],
    "NGA": [
      "#e31a1c"
    ],
    "ARG": [
      "#ffb3e6"
    ],
    "JPN": [
      "#c2c2f0"
    ],
    "COL": [
      "#fdbf6f"
    ],
    "EGY": [
      "#8dd3c7"
    ],
    "ZAF": [
      "#f0c2c2"
    ]
  },
  "label_perturbations": {
    "IDN": [
      {
        "original": [
          246,
          101
        ],
        "dx": -0.030739325426285408,
        "dy": -0.004226711708429448
      }
    ],
    "UKR": [
      {
        "original": [
          246,
          101
        ],
        "dx": -0.08887491804598212,
        "dy": -0.023343267904068904
      }
    ],
    "TUR": [
      {
        "original": [
          246,
          101
        ],
        "dx": 0.16957491015534193,
        "dy": 0.03310612080584324
      }
    ],
    "BRA": [
      {
        "original": [
          246,
          101
        ],
        "dx": 0.0589004492277716,
        "dy": 0.17948226695092284
      }
    ],
    "NGA": [
      {
        "original": [
          246,
          101
        ],
        "dx": -0.0953410759765363,
        "dy": 0.10403978814647297
      }
    ],
    "ARG": [
      {
        "original": [
          246,
          101
        ],
        "dx": -0.1326906130308835,
        "dy": 0.05112139444561581
      }
    ],
    "JPN": [
      {
        "original": [
          246,
          101
        ],
        "dx": -0.08918380555500893,
        "dy": 0.14513334253364024
      }
    ],
    "COL": [
      {
        "original": [
          246,
          101
        ],
        "dx": -0.034552338574332264,
        "dy": 0.19330558410160326
      }
    ],
    "EGY": [
      {
        "original": [
          246,
          101
        ],
        "dx": 0.11641824895214492,
        "dy": 0.0634839900357454
      }
    ],
    "ZAF": [
      {
        "original": [
          246,
          101
        ],
        "dx": -0.014773264656713192,
        "dy": 0.12423996953277439
      }
    ]
  }
}