{
  "chart_id": "scatter_071",
  "title": "CO2 emissions per capita (tons) vs Renewable energy share (%)",
  "dpi": 100,
  "fig_size": [
    7,
    5
  ],
  "font_size": 8,
  "palette": [
    "#9467bd",
    "#e377c2",
    "#17becf",
    "#66c2a5",
    "#a6cee3",
    "#2ca02c",
    "#d62728",
    "#e78ac3",
    "#1f77b4",
    "#8c564b",
    "#bcbd22",
    "#fc8d62",
    "#8da0cb",
    "#7f7f7f",
    "#ff7f0e"
  ],
  "marker": "D",
  "sample_size": 8,
  "point_size_range": [
    30,
    60
  ],
  "x_ticks": [
    4.0,
    6.5,
    9.0,
    11.5,
    14.0
  ],
  "y_ticks": [
    32.0,
    38.5,
    45.0,
    51.5,
    58.0
  ],
  "x_ticks_encrypted": [
    4.0,
    5.25,
    6.5,
    7.75,
    9.0,
    10.25,
    11.5,
    12.75,
    14.0
  ],
  "y_ticks_encrypted": [
    32.0,
    35.25,
    38.5,
    41.75,
    45.0,
    48.25,
    51.5,
    54.75,
    58.0
  ],
  "series_color": {
    "RUS": [
      "#e377c2"
    ],
    "PAK": [
      "#bcbd22"
    ],
    "KOR": [
      "#66c2a5"
    ],
    "IND": [
      "#17becf"
    ],
    "DEU": [
      "#9467bd"
    ],
    "USA": [
      "#fc8d62"
    ],
    "BRA": [
      "#1f77b4"
    ],
    "CHN": [
      "#8da0cb"
    ]
  },
  "label_perturbations": {
    "RUS": [
      {
        "original": [
          491,
          191
        ],
        "dx": 0.0327817509080352,
        "dy": -0.07323136107353889
      }
    ],
    "PAK": [
      {
        "original": [
          491,
          191
        ],
        "dx": 0.08319969688862183,
        "dy": -0.16222020865062273
      }
    ],
    "KOR": [
      {
        "original": [
          491,
          191
        ],
        "dx": 0.16082753914020415,
        "dy": 0.04573130928300051
      }
    ],
    "IND": [
      {
        "original": [
          491,
          191
        ],
        "dx": 0.11383179690778,
        "dy": 0.03924180985017839
      }
    ],
    "DEU": [
      {
        "original": [
          491,
          191
        ],
        "dx": -0.0267934405679989,
        "dy": 0.08994664651748024
      }
    ],
    "USA": [
      {
        "original": [
          491,
          191
        ],
        "dx": -0.08366594490361084,
        "dy": 0.0499242113016681
      }
    ],
    "BRA": [
      {
        "original": [
          491,
          191
        ],
        "dx": -0.1724405802327935,
        "dy": -0.06272487155307821
      }
    ],
    "CHN": [
      {
        "original": [
          491,
          191
        ],
        "dx": 0.11746944998815145,
        "dy": -0.06722574303597928
      }
    ]
  }
}